18423,177084427,1634672143
23196,343620021,1634672309
6735,370884433,1634672337
3246,473499932,1634672439
10269,595689466,1634672561
13095,625846867,1634672592
10206,668470969,1634672634
4695,698536001,1634672664
8076,788805186,1634672755
17319,937741475,1634672904
9136,967136943,1634672933
22236,1027376489,1634672993
11139,1398116649,1634673364
6474,1462189848,1634673428
17229,1523789887,1634673490
9639,1591029869,1634673557
12111,1680309269,1634673646
8187,1713668590,1634673679
19326,1724147700,1634673690
11157,1852509486,1634673818
20853,1909738752,1634673876
9732,1942251865,1634673908
3315,1980642777,1634673946
7983,2013683286,1634673979
3213,2035140290,1634674001
22449,2056864320,1634674023
12852,2103187865,1634674069
1137,2116136247,1634674082
23577,2122296954,1634674088
9948,2159514167,1634674125
19659,2254920168,1634674221
2655,2455125910,1634674421
12162,2672656011,1634674638
20319,2674082148,1634674640
22617,2787583068,1634674753
24156,2854703824,1634674821
22251,2871721760,1634674838
22641,2875987637,1634674842
17145,3012471518,1634674978
2058,3067283841,1634675033
8648,3150457926,1634675116
17643,3172056244,1634675138
17976,3186330599,1634675152
2007,3193297362,1634675159
19554,3205570795,1634675171
9390,3209865133,1634675176
22920,3330500476,1634675296
1269,3431343576,1634675397
22362,3496191975,1634675462
2721,3516624343,1634675482
7833,3676080655,1634675642
9966,4152143391,1634676118
16785,4168209333,1634676134
6960,4376998765,1634676343
8883,4462295013,1634676428
13347,4507161694,1634676473
2955,4626452641,1634676592
10299,4641356844,1634676607
21120,4690653698,1634676656
1539,4751567718,1634676717
1773,4797420457,1634676763
2874,4850448138,1634676816
4566,5031528511,1634676997
13230,5175992234,1634677142
7995,5312408841,1634677278
22113,5473033771,1634677439
23976,5513988699,1634677480
15651,5560925458,1634677527
17826,5620051097,1634677586
16641,5634483937,1634677600
14826,5785134190,1634677751
6738,5973958356,1634677940
13125,6094266572,1634678060
20883,6144593455,1634678110
4347,6234300062,1634678200
7656,6360212784,1634678326
22866,6568816640,1634678535
19635,6927225347,1634678893
5973,7053152470,1634679019
14657,7211970642,1634679178
19956,7270156183,1634679236
14421,7321463577,1634679287
6393,7377874881,1634679344
4425,7578883114,1634679545
11300,7594010888,1634679560
6918,7643330642,1634679609
7593,7645423824,1634679611
22446,7745548780,1634679711
6735,7785783461,1634679752
10128,7831137545,1634679797
17064,7924712563,1634679891
9300,8020416705,1634679986
12555,8075739071,1634680042
17631,8120982513,1634680087
20211,8154155838,1634680120
23331,8179472122,1634680145
20325,8220193705,1634680186
18806,8418907997,1634680385
19928,8591619215,1634680557
14250,8668050139,1634680634
13203,8760601690,1634680726
22017,8911822814,1634680878
1119,8936800019,1634680903
21549,9072807011,1634681039
15963,9104328411,1634681070
10440,9117039400,1634681083
4320,9259591017,1634681225
9669,9296290962,1634681262
20322,9430385421,1634681396
2259,9529568701,1634681495
20448,9860289934,1634681826
18531,10010949065,1634681977
14613,10128317573,1634682094
19005,10179059730,1634682145
14274,10193115648,1634682159
10110,10268441374,1634682234
23184,10369148720,1634682335
7932,10396691106,1634682362
13611,10533103861,1634682499
7566,10660514842,1634682626
2274,10677760273,1634682644
18180,10752873350,1634682719
8718,10807752075,1634682774
16122,10947452883,1634682913
6858,11002346940,1634682968
4821,11033531963,1634682999
23832,11033645197,1634682999
4050,11100920599,1634683067
6774,11217182573,1634683183
21447,11273832500,1634683240
7289,11809082872,1634683775
1119,11854846849,1634683821
5148,11885734271,1634683852
23751,11928636034,1634683894
23640,11963005523,1634683929
6138,12023519933,1634683989
8883,12328199674,1634684294
1836,12403497196,1634684369
20106,12481686806,1634684447
18387,12489762502,1634684456
7332,12538231354,1634684504
1467,12639834585,1634684606
15516,12698090540,1634684664
17505,12727335918,1634684693
12375,12757198388,1634684723
6936,12886109725,1634684852
4806,13051712737,1634685018
9771,13081326973,1634685047
3471,13099654835,1634685065
7245,13134083610,1634685100
17511,13293712664,1634685260
11256,13303088673,1634685269
22662,13318450343,1634685284
9396,13339259155,1634685305
7665,13399225297,1634685365
21672,13465340612,1634685431
1827,13514042032,1634685480
13722,13603298064,1634685569
1455,13622086143,1634685588
9894,13697154956,1634685663
1695,13705400260,1634685671
9588,13747664302,1634685713
15216,13831808046,1634685798
23856,13851299589,1634685817
17622,13913609473,1634685879
16491,13972408899,1634685938
10236,14203588160,1634686169
18282,14344061922,1634686310
11982,14462522528,1634686428
16683,14734766994,1634686701
15324,14870666515,1634686836
13029,14880375551,1634686846
1248,14892158939,1634686858
16212,15103175663,1634687069
9378,15109236683,1634687075
23409,15272341309,1634687238
17397,15584254326,1634687550
22031,15669805764,1634687636
23400,15766150762,1634687732
21462,15774393910,1634687740
1365,16024619132,1634687990
16800,16038501948,1634688004
1377,16078959713,1634688045
16680,16224025922,1634688190
8136,16243174201,1634688209
3708,16272235452,1634688238
23415,16289287433,1634688255
13245,16316612678,1634688282
10752,16342849067,1634688309
6708,16361534952,1634688327
2112,16425648056,1634688391
3726,16478659950,1634688444
22557,16520557305,1634688486
13341,16574761249,1634688541
2016,16580982456,1634688547
21057,16975786972,1634688942
21546,17081916695,1634689048
2826,17219481386,1634689185
1446,17251998041,1634689218
14649,17358773835,1634689325
6357,17379916912,1634689346
20892,17397335666,1634689363
1197,17529184135,1634689495
9447,17576469507,1634689542
4170,17593170608,1634689559
3147,17603752938,1634689570
9249,17650321515,1634689616
15960,17661284156,1634689627
6858,18035261184,1634690001
2874,18091098099,1634690057
1401,18096619975,1634690062
13539,18111678077,1634690077
1479,18318475912,1634690284
21207,18391747164,1634690358
11130,18484817212,1634690451
6857,18555976819,1634690522
14646,18718972006,1634690685
8673,18759452290,1634690725
10227,18894302496,1634690860
11154,18960304748,1634690926
1188,18979707780,1634690946
16860,19095187729,1634691061
11937,19137740026,1634691104
1551,19250409975,1634691216
18081,19297718301,1634691264
7224,19543528952,1634691509
1680,19616151220,1634691582
24213,19815545012,1634691781
7539,20005239411,1634691971
23469,20102467201,1634692068
23715,20239827387,1634692206
14485,20346780550,1634692313
7091,20365307709,1634692331
1698,20370148783,1634692336
14016,20449962186,1634692416
2328,20813064985,1634692779
1776,21026652045,1634692992
10494,21427473606,1634693393
7296,21571574462,1634693537
14757,21731775713,1634693698
14313,21796815542,1634693763
10911,21798508559,1634693764
8778,21814855869,1634693781
11409,21855818434,1634693822
6645,22041692999,1634694007
10446,22067732302,1634694034
22239,22080562880,1634694046
6471,22142194202,1634694108
16245,22219025059,1634694185
12378,22388534821,1634694354
23559,22457868203,1634694424
21492,22493577985,1634694459
19872,22572620708,1634694538
18075,22669578510,1634694635
17325,22740308828,1634694706
13158,22754479167,1634694720
8505,22776188455,1634694742
4695,23034974164,1634695001
5340,23036037103,1634695002
6867,23229020161,1634695195
4008,23235057060,1634695201
12237,23460216084,1634695426
13440,23493400600,1634695459
2094,23500752871,1634695467
22074,23506643682,1634695472
13431,23536576654,1634695502
8022,23575685322,1634695541
13125,23578649198,1634695544
11655,23607450314,1634695573
4005,23675695509,1634695641
10599,23721609178,1634695687
21828,23805451091,1634695771
5205,23835868036,1634695802
11454,23885627965,1634695851
12822,24030636090,1634695996
1887,24036172412,1634696002
19617,24128243641,1634696094
22650,24200095347,1634696166
20616,24321579734,1634696287
16935,24331347058,1634696297
17652,24362660056,1634696328
17448,24426493041,1634696392
849,24613421094,1634696579
12306,24636742521,1634696603
20001,24715081838,1634696681
23451,24776031998,1634696742
3462,24982894654,1634696949
1182,25146928745,1634697113
15153,25436909644,1634697403
15024,25453011024,1634697419
13005,25508800095,1634697475
1107,25743644769,1634697709
1992,25875303360,1634697841
1134,26013352647,1634697979
5022,26022004855,1634697988
9861,26143886576,1634698110
22110,26539382038,1634698505
21852,26567507220,1634698533
21492,26595536851,1634698561
9117,26752178177,1634698718
5085,26788542779,1634698754
9525,26795104831,1634698761
17769,27174875940,1634699141
10932,27176945216,1634699143
1686,27214126814,1634699180
13398,27475835319,1634699442
7143,27537037593,1634699503
22341,27700073296,1634699666
7269,27779649439,1634699745
14706,27836147539,1634699802
6867,27839111271,1634699805
9489,27863604455,1634699829
14829,28024665845,1634699990
1089,28090653640,1634700056
18462,28091998497,1634700058
14277,28192597980,1634700158
23190,28212057839,1634700178
3120,28306190053,1634700272
15255,28349528260,1634700315
8688,28365538121,1634700331
12957,28396049143,1634700362
2319,28404257773,1634700370
8832,28454871190,1634700421
22629,28467665553,1634700433
8121,28536120176,1634700502
17595,28668455561,1634700634
22359,28715187915,1634700681
7143,28743488444,1634700709
14187,28853354006,1634700819
12138,28913763322,1634700880
1533,28945500059,1634700911
15070,29100277422,1634701066
7323,29126397136,1634701092
5448,29165921554,1634701132
21102,29335200462,1634701301
12390,29472657065,1634701438
22875,29514144747,1634701480
11604,29577878891,1634701544
10124,30026244088,1634701992
2406,30104984648,1634702071
21657,30272809578,1634702239
6249,30280698857,1634702247
16917,30281036285,1634702247
9825,30321555905,1634702287
17313,30385406019,1634702351
14272,30467210726,1634702433
13635,30470891893,1634702437
13761,30504134353,1634702470
7923,31048686864,1634703014
22770,31080940089,1634703047
3633,31101634045,1634703067
10647,31122229027,1634703088
17481,31244520594,1634703210
20709,31294583728,1634703260
13557,31313885368,1634703280
7524,31406386009,1634703372
2322,31572716828,1634703539
12612,31617564911,1634703583
20823,31666255834,1634703632
1914,31728408857,1634703694
21510,31775788711,1634703742
7695,31823733487,1634703790
2799,31901518727,1634703867
4218,31994457471,1634703960
6897,32214269972,1634704180
11214,32216971114,1634704183
20892,32239221152,1634704205
7347,32240980752,1634704207
21696,32257724083,1634704224
15321,32456387031,1634704422
20733,32708661351,1634704674
8553,32893175540,1634704859
12831,32964742757,1634704931
10971,33074747378,1634705041
23055,33157716753,1634705124
1449,33205747629,1634705172
15453,33287564890,1634705253
1143,33439779776,1634705406
1938,33635421170,1634705601
12828,33785082042,1634705751
22461,33818042109,1634705784
4419,33884414437,1634705850
15882,34128560867,1634706094
21051,34215118545,1634706181
1326,34237123417,1634706203
18309,34317334774,1634706283
2994,34320646316,1634706286
1581,34706308828,1634706672
1410,34864233223,1634706830
1497,34899874310,1634706866
3612,35093957495,1634707060
11763,35129894755,1634707096
9132,35179084573,1634707145
1191,35450655435,1634707416
15804,35551831156,1634707518
11223,35636558189,1634707602
12870,35661335987,1634707627
23613,35697020545,1634707663
3759,35747381383,1634707713
17013,35750191428,1634707716
4200,35888741830,1634707855
11340,35894989376,1634707861
4911,36150197100,1634708116
11547,36174767870,1634708141
18129,36220070816,1634708186
18030,36258775235,1634708225
3411,36321942326,1634708288
6546,36386227390,1634708352
20892,36401557500,1634708367
18774,36475064486,1634708441
7221,36520008972,1634708486
12135,36572624528,1634708538
21531,36592452072,1634708558
1716,36734410334,1634708700
20445,36787051405,1634708753
1440,37256277258,1634709222
20583,37343497724,1634709309
6948,37426004788,1634709392
4599,37431754830,1634709398
8916,37544698853,1634709511
5706,37593505936,1634709559
2352,37633635863,1634709599
6783,37635849793,1634709602
10734,37649696901,1634709616
16380,37734446394,1634709700
23313,37743578594,1634709709
10326,37941090710,1634709907
1246,38001387318,1634709967
12684,38134295877,1634710100
1026,38257232401,1634710223
17016,38287730831,1634710254
12426,38423495353,1634710389
1524,38446024279,1634710412
23673,38581038541,1634710547
9762,38594425212,1634710560
1929,38612322591,1634710578
16866,38626180202,1634710592
1404,38736830035,1634710703
7083,39040157135,1634711006
11724,39135253203,1634711101
3789,39221118937,1634711187
17451,39380247262,1634711346
1506,39433429158,1634711399
23073,39642459256,1634711608
20325,39724671480,1634711690
7377,39824994028,1634711791
7557,40049754867,1634712016
9075,40067829073,1634712034
23256,40097970101,1634712064
19392,40212300901,1634712178
13716,40227686096,1634712193
1542,40257925172,1634712224
20166,40548927222,1634712515
14979,40560091218,1634712526
12462,40600812687,1634712567
4977,40760238041,1634712726
5748,40797656122,1634712763
1356,40986831938,1634712953
1875,41093470228,1634713059
1050,41166271172,1634713132
5364,41205598694,1634713171
7995,41225311290,1634713191
19497,41299346000,1634713265
9501,41584309372,1634713550
13467,41656530562,1634713622
1338,41721377055,1634713687
3861,41865615071,1634713831
16695,41898760526,1634713865
3516,42005079692,1634713971
6234,42022012351,1634713988
22359,42025510021,1634713991
9132,42060758585,1634714027
7179,42334920271,1634714301
22377,42476511504,1634714442
8568,42502929907,1634714469
21543,42545374643,1634714511
9640,42586526010,1634714552
1329,42599630507,1634714565
1302,42643821948,1634714610
7368,42727487015,1634714693
5703,42927073133,1634714893
5778,43120020539,1634715086
1224,43210136949,1634715176
11496,43265791386,1634715232
19875,43285604326,1634715251
1611,43448086994,1634715414
1518,43543115012,1634715509
4543,43843158176,1634715809
23049,43858679196,1634715824
22419,44248061963,1634716214
17553,44290039292,1634716256
20550,44367859787,1634716334
1765,44382250129,1634716348
8013,44388983614,1634716355
2208,44452390388,1634716418
960,44472119624,1634716438
23079,44835504870,1634716801
4988,45079428177,1634717045
10914,45297619587,1634717263
17991,45344649528,1634717310
7176,45646215230,1634717612
16755,45651809694,1634717618
5145,45841952044,1634717808
16125,45850582789,1634717816
1476,45943476634,1634717909
22845,45945525352,1634717911
3555,46380629393,1634718346
11961,46688372228,1634718654
1506,46706286891,1634718672
11205,46722764782,1634718689
1149,46814928587,1634718781
23250,46979415580,1634718945
21345,46993475729,1634718959
11649,47056167169,1634719022
3057,47115691648,1634719081
20220,47132202635,1634719098
15300,47292204728,1634719258
18033,47292813718,1634719259
16908,47317625652,1634719283
5145,47469261624,1634719435
6066,47507235849,1634719473
21111,47534261241,1634719500
1152,47577933469,1634719544
1206,47622601200,1634719588
14886,47688550494,1634719654
18156,47693189246,1634719659
8568,47710997558,1634719677
14997,47818289164,1634719784
9800,47859733335,1634719826
9333,47867472339,1634719833
22092,48205588145,1634720171
20106,48296706661,1634720263
5526,48338218214,1634720304
3737,48483184002,1634720449
8478,48860904932,1634720827
24375,48869298418,1634720835
5328,48901909342,1634720868
7410,49065636525,1634721031
22107,49154445037,1634721120
13611,49393177580,1634721359
17193,49533072561,1634721499
15372,49785677614,1634721751
918,49991327362,1634721957
12105,50026343401,1634721992
12156,50115562472,1634722081
1161,50275433509,1634722241
14370,50492005411,1634722458
1386,50527992381,1634722494
1476,50544072793,1634722510
1344,50579473267,1634722545
1315,51051882976,1634723018
2364,51088025455,1634723054
9552,51190767385,1634723157
2577,51327506434,1634723293
6780,51437626429,1634723403
1311,51518112195,1634723484
5592,51587468801,1634723553
3231,51618729635,1634723585
16230,51647298894,1634723613
21180,52067630298,1634724033
18132,52127413673,1634724093
7647,52166242541,1634724132
24282,52203519067,1634724169
20757,52227298178,1634724193
1209,52293782977,1634724260
9177,52390706475,1634724357
22776,52402367200,1634724368
4878,52432381230,1634724398
2166,52450685432,1634724416
14274,52617923225,1634724584
12552,52785561694,1634724751
7209,52806174510,1634724772
23448,52810140479,1634724776
19062,53004324107,1634724970
10242,53123527661,1634725089
20673,53140186465,1634725106
3231,53164026974,1634725130
5754,53198199715,1634725164
23283,53309986784,1634725276
7572,53315382656,1634725281
18153,53500142748,1634725466
12771,53580601141,1634725546
7335,53710220621,1634725676
19620,53745241026,1634725711
4722,53802110296,1634725768
996,53852106071,1634725818
12984,53855188634,1634725821
2064,53902460751,1634725868
13929,53941149321,1634725907
1029,54064390480,1634726030
4887,54124731726,1634726091
4239,54309019964,1634726275
15615,54339036873,1634726305
17337,54344034179,1634726310
8580,54598332433,1634726564
7257,54612486409,1634726578
7713,54645267745,1634726611
3522,54700566952,1634726666
13896,54753609578,1634726719
10224,54968031228,1634726934
10944,55029810460,1634726996
20445,55100359326,1634727066
13812,55131688401,1634727097
21711,55134112039,1634727100
12657,55195236328,1634727161
21870,55257846210,1634727224
16938,55275252701,1634727241
6303,55283813842,1634727250
5025,55354581525,1634727320
13461,55416615407,1634727382
8238,55448056126,1634727414
11985,55462446585,1634727428
21414,55484207258,1634727450
11577,55634679222,1634727600
4983,55644179119,1634727610
6693,55786758210,1634727753
1551,55989727810,1634727956
1455,56015426159,1634727981
6465,56077091385,1634728043
9714,56133196854,1634728099
22782,56220983966,1634728187
20427,56245929022,1634728212
12255,56443297129,1634728409
5697,56478505420,1634728444
1950,56687436479,1634728653
8934,56768605575,1634728734
1740,56816842159,1634728783
7677,56876948364,1634728843
1317,56986790518,1634728953
3354,56994623487,1634728960
16648,57036625888,1634729002
4101,57135900882,1634729102
15105,57288063539,1634729254
11847,57330391990,1634729296
9713,57355712713,1634729322
10125,57373146708,1634729339
14673,57416797523,1634729383
2562,57527680593,1634729493
1392,57528332864,1634729494
2001,57562315376,1634729528
1134,57605499022,1634729571
8610,57781801632,1634729748
11826,57787012269,1634729753
15084,57794471455,1634729760
21414,57865681931,1634729831
18864,57927758343,1634729894
3057,58038578172,1634730004
15142,58286038498,1634730252
10293,58342896765,1634730309
13650,58348597017,1634730314
10998,58413159704,1634730379
7071,58630467983,1634730596
23031,58668670900,1634730634
10971,58680666921,1634730646
2355,58728587263,1634730694
20430,58887092884,1634730853
23007,59007772118,1634730974
4398,59045087287,1634731011
18924,59087291472,1634731053
912,59100021383,1634731066
17052,59171019271,1634731137
13746,59215365368,1634731181
17643,59307367111,1634731273
2886,59396163359,1634731362
12849,59505616468,1634731471
1107,59717694958,1634731683
7362,59786161983,1634731752
13974,59791151013,1634731757
13671,59806755173,1634731773
6549,60106286564,1634732072
19488,60150846787,1634732117
17559,60366120819,1634732332
18720,60465719200,1634732432
7707,60546284587,1634732512
11943,60789775147,1634732756
23523,60925552724,1634732891
16722,60947371264,1634732913
3396,61233503200,1634733199
1080,61278935932,1634733245
1167,61279642016,1634733245
14568,61374204164,1634733340
16596,61397667298,1634733363
2358,61650308787,1634733616
10560,61713579015,1634733679
16610,61722262801,1634733688
11940,62085365116,1634734051
10377,62131946319,1634734098
13089,62214756009,1634734181
23268,62286254131,1634734252
2448,62382800438,1634734349
15837,62549910997,1634734516
1416,62772882110,1634734739
2757,62797875541,1634734764
1119,62951172392,1634734917
9009,63007597674,1634734973
9510,63240932849,1634735207
6111,63280562545,1634735246
2241,63287609892,1634735253
11763,63486790558,1634735453
6750,63536768626,1634735503
23598,63551922188,1634735518
14937,63633204337,1634735599
1722,63696687087,1634735662
19674,63785510047,1634735751
1524,63792899624,1634735759
1380,63989259629,1634735955
2406,64048639867,1634736014
7899,64089330920,1634736055
18573,64143485505,1634736109
15846,64294757281,1634736261
17502,64314452928,1634736280
7635,64486603632,1634736452
1605,64535998377,1634736502
11172,64559464387,1634736525
2754,64643834247,1634736610
3324,64658643361,1634736624
14541,64704191490,1634736670
2070,65579338845,1634737545
19779,65825058899,1634737791
17358,65899732121,1634737866
15336,65962750424,1634737929
14019,65977083330,1634737943
2154,66102193860,1634738068
16617,66195100121,1634738161
1698,66416416716,1634738382
20970,66441196370,1634738407
8100,66516453368,1634738482
6570,66565586495,1634738531
18924,66633363663,1634738599
11073,66640529892,1634738606
8292,66707628285,1634738673
1746,66708685997,1634738674
2934,67093053109,1634739059
17646,67106561661,1634739072
7887,67178566550,1634739144
7812,67322868635,1634739289
6904,67325307508,1634739291
9174,67355406606,1634739321
18921,67375322660,1634739341
2421,67617619850,1634739583
20619,67652785396,1634739619
17100,67755129511,1634739721
13803,67770486234,1634739736
9546,68008143641,1634739974
22077,69483558814,1634741449
7650,69485885550,1634741452
2442,69488202788,1634741454
1617,69750771459,1634741717
4287,69796456782,1634741762
23058,69961018011,1634741927
1692,70314818867,1634742281
13317,70444001520,1634742410
20463,70507221724,1634742473
16365,70807115575,1634742773
5262,70810500299,1634742776
1797,70830720523,1634742797
2400,70857881011,1634742824
12105,71101687000,1634743067
19716,71104709641,1634743071
6492,71185133468,1634743151
1767,71264362671,1634743230
18924,71294150937,1634743260
7857,71343026270,1634743309
6709,71394955516,1634743361
17973,71493016351,1634743459
9087,71829903613,1634743796
11094,71960182089,1634743926
8439,72005712635,1634743972
6066,72356570757,1634744322
20421,72474407795,1634744440
1674,72496787991,1634744463
1182,72720273541,1634744686
7473,72740539138,1634744706
5472,73012669279,1634744978
1581,73210254485,1634745176
16407,73215170058,1634745181
15372,73273638016,1634745239
21345,73285688027,1634745251
2748,73488734688,1634745455
22797,73580985563,1634745547
7893,73637185708,1634745603
22311,73870102564,1634745836
21102,74029665979,1634745995
19212,74072033997,1634746038
9426,74370212196,1634746336
8271,74381343214,1634746347
13785,74775467398,1634746741
17010,74881486230,1634746847
18285,75053559597,1634747019
24192,75178965056,1634747145
9933,75348397450,1634747314
4464,75407572592,1634747373
2094,75575001243,1634747541
5880,75636879273,1634747603
21750,75969401898,1634747935
8451,76063386803,1634748029
16065,76147316066,1634748113
5508,76336578634,1634748302
5289,76346192902,1634748312
22035,76367803035,1634748334
18942,76503485219,1634748469
1752,76517698578,1634748484
22452,76583944975,1634748550
11805,76640614982,1634748606
19971,76778435451,1634748744
15357,77024267436,1634748990
19797,77093411061,1634749059
15444,77149073644,1634749115
5661,77242770063,1634749209
8118,77411384605,1634749377
12534,77515768338,1634749482
11085,77691181565,1634749657
23769,77717329564,1634749683
1614,77978990194,1634749945
23378,78161324357,1634750127
24258,78309054862,1634750275
19287,78343976404,1634750310
21195,78411759015,1634750378
12084,78412460104,1634750378
3312,78415903625,1634750382
8202,78495553018,1634750461
10869,78511420811,1634750477
21141,78869221173,1634750835
14346,78887919877,1634750854
23829,78898611483,1634750864
18513,78913936622,1634750880
18393,79185635624,1634751151
15870,79203635831,1634751169
21564,79207057895,1634751173
5442,79350355283,1634751316
7023,79362952159,1634751329
12297,79420810995,1634751387
5994,79632506270,1634751598
9504,79637591755,1634751603
13815,79668795702,1634751635
6651,79721424613,1634751687
1743,79755493909,1634751721
7071,80129645392,1634752095
10440,80143860506,1634752110
1926,80533208690,1634752499
16584,80682131626,1634752648
4035,80729030731,1634752695
16953,81028254554,1634752994
14724,81035479002,1634753001
10011,81214277487,1634753180
17154,81314640950,1634753280
20451,81361128466,1634753327
23040,81440498547,1634753406
13398,81464998285,1634753431
11652,81500170612,1634753466
8730,81500802799,1634753467
12055,81570296745,1634753536
12858,81755740817,1634753722
3771,81766496332,1634753732
10008,81775892801,1634753742
21255,81809842520,1634753776
10653,81858149863,1634753824
2472,81885152606,1634753851
1053,81917158758,1634753883
22776,81994682199,1634753960
6132,82236791506,1634754203
16447,82422789460,1634754389
20364,82520862737,1634754487
14475,82615233955,1634754581
7140,82969715230,1634754936
9435,83031203783,1634754997
9192,83035258766,1634755001
2805,83181188288,1634755147
14391,83261302716,1634755227
22263,83596488763,1634755562
11655,83632135878,1634755598
19794,83667872971,1634755634
12039,83745626220,1634755711
14388,83827442518,1634755793
19185,83832972823,1634755799
7905,84046880108,1634756013
981,84067957253,1634756034
22779,84079812089,1634756046
14028,84147211693,1634756113
17436,84167127854,1634756133
18801,84199459682,1634756165
16059,84364483764,1634756330
1989,84507894674,1634756474
8604,84541198805,1634756507
13149,84577811455,1634756544
18594,85048405051,1634757014
3432,85165862628,1634757132
17895,85338563993,1634757304
2298,86236288175,1634758202
20808,86396689931,1634758362
22692,86416885786,1634758383
2406,86601028114,1634758567
15135,86641661781,1634758607
16509,86948007415,1634758914
21960,87041154690,1634759007
16686,87047271078,1634759013
20124,87324810904,1634759291
18957,87482479066,1634759448
20610,87536527294,1634759502
3063,87566928357,1634759533
1290,87567698736,1634759534
9609,87609360564,1634759575
2766,87733605476,1634759699
8199,87778251439,1634759744
6495,87788681529,1634759754
17460,87948249127,1634759914
6924,88028289652,1634759994
10014,88140109817,1634760106
12849,88155258392,1634760121
6564,88284916265,1634760251
1629,88342951092,1634760309
5454,88745529391,1634760711
14673,88869751002,1634760836
20538,88948820289,1634760915
11901,88999718411,1634760966
14334,89055005276,1634761021
20742,89061523040,1634761027
11847,89177913491,1634761144
1335,89182164376,1634761148
3047,89245844134,1634761212
8649,89248078594,1634761214
13656,89280585308,1634761246
17904,89305138046,1634761271
18198,89340018057,1634761306
4884,89378768891,1634761345
12294,89489007112,1634761455
24252,89598355979,1634761564
14970,89608047702,1634761574
14853,89729592017,1634761695
19047,89762218381,1634761728
4632,90007490222,1634761973
1221,90056999437,1634762023
4107,90145747515,1634762112
19146,90146850520,1634762113
17437,90222189122,1634762188
12135,90409669448,1634762375
16716,90511989125,1634762478
13962,90535489948,1634762501
16419,90591555764,1634762557
1329,90612370282,1634762578
20910,90624742978,1634762591
22140,90647095314,1634762613
5049,90884707605,1634762851
14439,90912152721,1634762878
1635,90927131082,1634762893
14997,91041455160,1634763007
2724,91067186825,1634763033
16062,91248924424,1634763215
5169,91338986270,1634763305
18015,91592074797,1634763558
3067,91695077076,1634763661
2111,91715449968,1634763681
18786,91755289750,1634763721
20256,91878293918,1634763844
4365,92187784429,1634764154
19971,92189463735,1634764155
11163,92322381946,1634764288
23502,92432220513,1634764398
23334,92587780907,1634764554
4404,92729405715,1634764695
21987,92808690719,1634764774
15018,93127983117,1634765094
13899,93184204482,1634765150
4812,93268711502,1634765235
1317,93412700735,1634765379
8469,93440626817,1634765406
1515,93706308639,1634765672
14181,93733753132,1634765700
13920,93755515385,1634765721
14712,93756120663,1634765722
2166,93760090433,1634765726
11778,93771262304,1634765737
10761,93877185189,1634765843
18696,94208933086,1634766175
6246,94328773221,1634766295
18921,94414360065,1634766380
13563,94473995598,1634766440
19887,94477103289,1634766443
21303,94523148591,1634766489
10971,94619586933,1634766585
2643,94855168763,1634766821
16321,94906949947,1634766873
22563,94995924452,1634766962
14391,95208558132,1634767174
10608,95233714304,1634767200
3378,95237451280,1634767203
24495,95240004256,1634767206
14133,95252818164,1634767219
14643,95430072518,1634767396
7938,95686431559,1634767652
22428,95780089559,1634767746
1176,96013453818,1634767979
8421,96064355506,1634768030
12903,96624979085,1634768591
11928,96874781900,1634768841
16626,96906755352,1634768873
6732,97040568814,1634769006
18255,97066888917,1634769033
18573,97135020813,1634769101
13272,97182467471,1634769148
1137,97365704303,1634769332
13440,97464146108,1634769430
23118,97718271855,1634769684
20958,97761752664,1634769728
1287,97764620595,1634769730
8535,97787961178,1634769754
11847,97824356087,1634769790
1401,97838700628,1634769805
6822,97990316301,1634769956
7356,98171924709,1634770138
1476,98179448525,1634770145
1785,98189211407,1634770155
19368,98242150823,1634770208
4182,98257122719,1634770223
2115,98300270693,1634770266
15990,98372620875,1634770338
21534,98505368034,1634770471
4698,98527569132,1634770493
3444,98533684966,1634770499
15250,98586309744,1634770552
15735,98626442718,1634770592
11127,98651517163,1634770617
23709,98672626421,1634770638
6696,98675821568,1634770642
20307,98711742148,1634770678
14571,99061339331,1634771027
23025,99118692303,1634771084
15915,99119051948,1634771085
1677,99232492856,1634771198
14079,99242530685,1634771208
1329,99323038387,1634771289
10125,99330405670,1634771296
8928,99401882409,1634771368
8958,99416431321,1634771382
19893,99510999582,1634771477
18063,99722310521,1634771688
15198,100065576543,1634772031
18792,100070561857,1634772036
12813,100085182033,1634772051
1131,100156152009,1634772122
2247,100179857242,1634772146
22044,100275135029,1634772241
14425,100280013043,1634772246
15354,100301505342,1634772267
19180,100396042587,1634772362
5547,100396645725,1634772362
16818,100461888910,1634772428
16795,100496206974,1634772462
2232,100509233859,1634772475
12828,100556949899,1634772523
1488,100561776273,1634772528
21300,100592842348,1634772559
8871,100792256002,1634772758
17991,100866583183,1634772832
1764,100922540687,1634772888
5631,100947182461,1634772913
2148,101049319115,1634773015
10362,101123448238,1634773089
20583,101214677889,1634773180
13152,101223647254,1634773189
18378,101259183926,1634773225
19350,101292470021,1634773258
22644,101301422810,1634773267
13890,101333606711,1634773299
2067,101537769180,1634773504
5889,101670385134,1634773636
16347,101785450809,1634773751
6363,101851989944,1634773818
21192,101998895629,1634773965
4593,102364757731,1634774331
11253,102415429852,1634774381
19056,102741277375,1634774707
5712,102751472408,1634774717
12306,102850684678,1634774816
1275,102916601538,1634774882
2385,102972647330,1634774938
10836,103042160145,1634775008
22644,103061541737,1634775027
10416,103082840568,1634775049
3189,103251976315,1634775218
19536,103306611613,1634775272
16959,103394250062,1634775360
16563,103398978776,1634775365
9894,103421682897,1634775387
9168,103454338486,1634775420
10524,103603864105,1634775570
6189,103702465453,1634775668
2406,103740196653,1634775706
14088,103807846451,1634775774
17688,103820109146,1634775786
11253,103852888597,1634775819
6690,103864586194,1634775830
10425,103903506693,1634775869
21807,104029689536,1634775995
10107,104152681443,1634776118
1194,104280260348,1634776246
23301,104458907320,1634776425
13857,104580769469,1634776547
18855,104668372591,1634776634
21642,105012362460,1634776978
1011,105038790725,1634777005
17199,105039848706,1634777006
16335,105074550398,1634777040
5472,105146533270,1634777112
1293,105347860416,1634777314
2412,105367926939,1634777334
6240,105373603094,1634777339
13299,105409566781,1634777375
6585,105489894034,1634777456
11163,105506892385,1634777473
9966,105704727599,1634777671
18543,105756204809,1634777722
18834,105844781375,1634777811
5388,105862026980,1634777828
23142,106078978966,1634778045
21588,106190607114,1634778156
10326,106346047169,1634778312
10626,106463101364,1634778429
16602,106516810233,1634778483
15843,106521686737,1634778487
23109,106670977552,1634778637
7803,106694981491,1634778661
20250,106817982493,1634778784
6240,107095470816,1634779061
10473,107157811043,1634779124
19017,107352646156,1634779318
15669,107444173266,1634779410
4104,107625871704,1634779592
21660,107715082840,1634779681
23355,107835256737,1634779801
2706,107873764448,1634779840
17073,108059174440,1634780025
13932,108072358282,1634780038
1854,108136493060,1634780102
10395,108205940688,1634780172
20238,108346340931,1634780312
6110,108433695218,1634780399
20544,108436252207,1634780402
18258,108453444294,1634780419
1467,108515684305,1634780481
14937,108519608100,1634780485
5202,108526529254,1634780492
19824,108536874221,1634780503
1326,108692136796,1634780658
3655,108779186721,1634780745
3831,108809025503,1634780775
5667,108845310892,1634780811
24414,109081485188,1634781047
18573,109183462127,1634781149
2619,109249527798,1634781215
19101,109252566418,1634781218
9537,109448799772,1634781415
8175,109497718254,1634781464
17904,109618701725,1634781585
17877,109632423516,1634781598
5340,109639407035,1634781605
18153,109695009432,1634781661
24441,109735329155,1634781701
4458,109772069516,1634781738
17544,109839716083,1634781806
1799,109861686733,1634781827
23136,109971316717,1634781937
1557,110007434684,1634781973
4104,110122499938,1634782088
19860,110136572790,1634782102
1683,110236809628,1634782203
8895,110253042029,1634782219
2577,110266739726,1634782233
6945,110358119157,1634782324
6795,110414762399,1634782381
858,110619506207,1634782585
10842,110806948439,1634782773
17016,110862316671,1634782828
14439,110923365308,1634782889
2271,110994019648,1634782960
4869,111058077927,1634783024
16800,111173054239,1634783139
2130,111241682939,1634783207
22722,111261888510,1634783228
21363,111347815630,1634783314
9069,111443605337,1634783409
10428,111555683284,1634783521
17094,111777791362,1634783744
4971,111807416506,1634783773
2745,111868747538,1634783835
4596,112229968845,1634784196
13740,112309998077,1634784276
13818,112456414263,1634784422
13293,112496350532,1634784462
9888,112543191223,1634784509
1212,112612032653,1634784578
8874,112627418287,1634784593
1170,112635045156,1634784601
16266,112943607497,1634784909
13014,113105531477,1634785071
15999,113200518449,1634785166
20313,113273601072,1634785239
13311,113339648426,1634785305
11664,113506937880,1634785473
10578,113774962950,1634785741
5991,113802166372,1634785768
20643,113872778405,1634785839
5169,113928870094,1634785895
4125,113929392061,1634785895
8250,113943270611,1634785909
12411,114190501761,1634786156
19761,114219851315,1634786186
8934,114305471995,1634786271
19383,114314009628,1634786280
6366,114374876220,1634786341
7755,114420645270,1634786386
8982,114430771093,1634786397
10185,114465377178,1634786431
21684,114480520821,1634786446
13695,114508430583,1634786474
4341,114511534352,1634786477
23322,114623919700,1634786590
3354,114729887433,1634786696
19059,114755196513,1634786721
11451,114817860554,1634786784
16050,114858005164,1634786824
1992,114890932421,1634786857
7782,114905369881,1634786871
24354,114909538879,1634786875
6810,114919187670,1634786885
1200,114953508839,1634786919
3429,114979322712,1634786945
19869,115010687796,1634786976
12381,115023686216,1634786989
6072,115156326079,1634787122
6432,115180110876,1634787146
12516,115340586719,1634787306
1926,115750544245,1634787716
24489,115789350065,1634787755
9195,115958922129,1634787925
9996,116000573870,1634787966
13356,116102386265,1634788068
5442,116369583729,1634788335
18529,116423210471,1634788389
12477,116651791076,1634788618
10599,116735668452,1634788701
2922,116736506773,1634788702
3603,116895179920,1634788861
1323,116911469400,1634788877
1698,117327517743,1634789293
1836,117342247251,1634789308
1347,117441032546,1634789407
18270,117535073450,1634789501
1248,117558770508,1634789525
15414,117640863614,1634789607
22515,117654764506,1634789621
5163,117679827052,1634789646
19185,117774270911,1634789740
3363,117927715673,1634789894
10041,118025171381,1634789991
6159,118026409064,1634789992
17763,118062880061,1634790029
8862,118172672244,1634790138
4638,118207131680,1634790173
18936,118340927010,1634790307
13542,118345455292,1634790311
1989,118427243436,1634790393
3186,118731791022,1634790698
978,118880544952,1634790846
8754,118885876017,1634790852
18777,119012338556,1634790978
13137,119057776162,1634791024
7323,119508071220,1634791474
7065,119548978101,1634791515
20004,119550730252,1634791517
1149,119568913512,1634791535
1779,119576078137,1634791542
15735,119669333252,1634791635
16776,119767432803,1634791733
6903,119773983398,1634791740
5721,119942826164,1634791909
1533,120128295288,1634792094
2157,120143029354,1634792109
13497,120321101194,1634792287
909,120391942141,1634792358
3537,120456578968,1634792422
20925,120488962969,1634792455
22716,120623433762,1634792589
5091,120695031857,1634792661
23385,120718566738,1634792684
15762,120830742596,1634792797
16884,120994158498,1634792960
8790,121067033556,1634793033
13875,121090858848,1634793057
3849,121190447848,1634793156
11484,121270007617,1634793236
18036,121275685666,1634793241
5979,121380636919,1634793346
19194,121426269408,1634793392
8883,121476853347,1634793443
19611,121548645845,1634793514
16851,121557515192,1634793523
1377,121640766986,1634793607
5733,121660625232,1634793626
12000,121676985541,1634793643
9702,121968760846,1634793935
14085,122045071714,1634794011
23667,122224128023,1634794190
9837,122256878733,1634794223
9645,122286021864,1634794252
10806,122602935415,1634794569
13077,122786810515,1634794753
5868,122862210772,1634794828
17385,122990530646,1634794956
7179,123184229910,1634795150
13212,123247397713,1634795213
21003,123306430559,1634795272
21324,123385840680,1634795352
3162,123459081591,1634795425
2178,123623334039,1634795589
1422,123717422439,1634795683
8118,123965701994,1634795932
9627,124050584670,1634796016
16185,124051875349,1634796018
12687,124072484715,1634796038
1335,124448754452,1634796415
11556,124737638478,1634796703
11307,124843429320,1634796809
6543,124873160803,1634796839
1119,124982828116,1634796949
9573,125067478414,1634797033
11910,125070670533,1634797036
19767,125073620853,1634797039
16599,125144470362,1634797110
8979,125314505775,1634797280
4194,125375696841,1634797342
7314,125580153417,1634797546
9663,125588275000,1634797554
4335,125769547330,1634797735
9294,125862149804,1634797828
2418,126005975030,1634797972
4602,126073458376,1634798039
1386,126163392272,1634798129
11208,126293750807,1634798260
4743,126320815849,1634798287
1281,126336934708,1634798303
23046,126417564821,1634798383
20070,126473849182,1634798440
9528,126677521612,1634798643
1128,126722374980,1634798688
6108,126741660780,1634798707
8121,126965487047,1634798931
24351,126989783280,1634798956
8169,126998237586,1634798964
14091,127016200182,1634798982
15987,127276682908,1634799242
15729,127482096931,1634799448
10392,127645820719,1634799612
19968,127677762908,1634799644
20592,127759684644,1634799725
8397,128032390207,1634799998
22734,128183174990,1634800149
12747,128199969644,1634800166
15153,128313025486,1634800279
900,128409453422,1634800375
22320,128490163944,1634800456
18183,128496168976,1634800462
21351,129155289020,1634801121
1539,129242529490,1634801208
19650,129450161867,1634801416
17880,129477415258,1634801443
19839,129581079947,1634801547
17799,129827800255,1634801794
20811,129925758836,1634801892
13659,129933191075,1634801899
11745,130165795799,1634802132
9900,130399000678,1634802365
5379,130558110276,1634802524
20448,130639101413,1634802605
14157,130736014130,1634802702
23913,130764061442,1634802730
1209,130840808025,1634802807
22944,130950906162,1634802917
2085,131103641706,1634803069
6288,131296981732,1634803263
6645,131327571874,1634803293
12048,131408002695,1634803374
11712,131450151981,1634803416
4623,131624534785,1634803590
7426,131674782255,1634803641
1425,131824653292,1634803790
18327,131834901186,1634803801
14700,131841059567,1634803807
20115,131878093132,1634803844
8379,131888187295,1634803854
24057,132036063730,1634804002
5541,132177620650,1634804143
16224,132189657206,1634804155
2220,132338567085,1634804304
15705,132352327500,1634804318
11133,132379763679,1634804346
2187,132385866679,1634804352
10893,132388386224,1634804354
19656,132394084888,1634804360
20373,132426221888,1634804392
15510,132428684086,1634804394
1634,132464902218,1634804431
19941,132469768270,1634804436
2478,132527272369,1634804493
1131,132586135087,1634804552
9012,132718507739,1634804684
17121,132931940271,1634804898
23769,133061627165,1634805027
19383,133160525144,1634805126
17337,133200994339,1634805167
12912,133264797351,1634805231
7569,133329066142,1634805295
21960,133332995222,1634805299
6786,133384609913,1634805350
1536,133530806416,1634805497
19542,133585582134,1634805551
1707,133748296924,1634805714
17733,133923399436,1634805889
1467,134227250418,1634806193
7236,134245571994,1634806211
20994,134335135913,1634806301
13590,134405807937,1634806372
22791,134423520775,1634806389
10836,134605383436,1634806571
1149,134632587736,1634806598
11559,134633444044,1634806599
7323,134642319437,1634806608
21475,134820832395,1634806787
21741,134846897366,1634806813
6462,134863212846,1634806829
22914,134890931478,1634806857
1497,135029325648,1634806995
8745,135152342077,1634807118
17961,135165295470,1634807131
10470,135391858788,1634807358
13953,135425309577,1634807391
14124,135472138220,1634807438
4323,135557524996,1634807523
22472,135579647828,1634807545
6999,135725299170,1634807691
7746,135740840776,1634807707
19638,135809217661,1634807775
8097,135819651597,1634807785
23376,135866201166,1634807832
5295,135952281009,1634807918
18978,136027468610,1634807993
20187,136089014350,1634808055
6060,136173473980,1634808139
13803,136211639733,1634808177
1344,136229326595,1634808195
8331,136288087161,1634808254
15016,136293630587,1634808259
16488,136326705565,1634808293
18660,136496505881,1634808462
8202,136755745670,1634808722
21288,136845690528,1634808811
7221,137371582636,1634809337
11784,137517809475,1634809484
20898,137520838486,1634809487
21797,137647804024,1634809614
13185,137735142962,1634809701
13422,138106314809,1634810072
10644,138200983824,1634810167
10119,138343247088,1634810309
4503,138490619182,1634810456
9216,138668643774,1634810634
8988,138689430237,1634810655
11664,138736434488,1634810702
9591,139002524433,1634810968
10332,139102564811,1634811068
23595,139313552710,1634811279
18486,139330113031,1634811296
3630,139381659951,1634811347
21720,139497156030,1634811463
16863,139802269278,1634811768
4179,139912037089,1634811878
5490,139930828916,1634811897
8214,139950889942,1634811917
16137,140002970019,1634811969
12423,140043028196,1634812009
4680,140102669208,1634812068
9369,140161748517,1634812128
21705,140322884736,1634812289
18267,140334153422,1634812300
9552,140453580407,1634812419
20850,140454968291,1634812421
8298,140612471141,1634812578
9062,140672105209,1634812638
6720,140705867724,1634812672
3453,140740321013,1634812706
18150,140757990164,1634812724
9198,140803799538,1634812770
13155,140959632526,1634812925
12597,141023934796,1634812990
23772,141092360357,1634813058
9621,141225221396,1634813191
17253,141283126753,1634813249
14535,141517407034,1634813483
16056,141532921825,1634813499
16242,141607688815,1634813573
21147,141975797740,1634813942
12546,142018239708,1634813984
21108,142123140531,1634814089
22746,142138259176,1634814104
12147,142325618646,1634814291
19953,142401494265,1634814367
14160,142585983107,1634814552
7200,142640875214,1634814607
21246,142702449795,1634814668
16242,142736192129,1634814702
14724,142865073591,1634814831
9033,143201851100,1634815168
14096,143292780975,1634815259
12357,143364390581,1634815330
1332,143390344530,1634815356
3369,143491928998,1634815458
23355,143563273491,1634815529
3573,143586573241,1634815552
4854,143623103486,1634815589
22773,143660715986,1634815627
6756,143701494969,1634815667
2319,143764636408,1634815730
11481,143926141094,1634815892
1845,143975408279,1634815941
5583,144082285846,1634816048
20214,144101859521,1634816068
8298,144115962070,1634816082
14340,144397439425,1634816363
2709,144440584813,1634816406
8181,144891306228,1634816857
11592,144940671508,1634816906
20757,144953304372,1634816919
1347,145103180404,1634817069
1908,145135867206,1634817102
12762,145185865217,1634817152
20031,145218875607,1634817185
11685,145227956607,1634817194
16962,145243847649,1634817210
23955,145267127866,1634817233
16689,145372453481,1634817338
6864,145472332622,1634817438
2937,145493545362,1634817459
1257,145545568948,1634817511
1692,145578066727,1634817544
11466,145625854484,1634817592
8715,145677836747,1634817644
14709,145823347622,1634817789
5541,145915344318,1634817881
5547,145923976742,1634817890
7446,145938313987,1634817904
1404,145976306095,1634817942
22362,146079281288,1634818045
16812,146921007246,1634818887
7953,147064489538,1634819030
1332,147090796259,1634819057
5778,147095396074,1634819061
14565,147114232125,1634819080
5946,147286167823,1634819252
6417,147310778732,1634819277
14568,147348663566,1634819314
1338,147483269991,1634819449
14868,147630627495,1634819596
23514,147630966581,1634819597
20988,147895935816,1634819862
3081,147919600573,1634819885
5262,148048681421,1634820014
20700,148093250899,1634820059
21933,148172022169,1634820138
23127,148387353351,1634820353
11421,148439013165,1634820405
20304,148474736451,1634820441
18750,148576658417,1634820542
16056,148614709079,1634820581
9889,148656152506,1634820622
22494,148666361068,1634820632
17484,148842116094,1634820808
21660,148902722289,1634820869
19521,149027009338,1634820993
13842,149127881893,1634821094
5988,149211021617,1634821177
13275,149226678178,1634821192
13395,149299836364,1634821266
19536,149318526573,1634821284
9663,149643766484,1634821610
11649,149727552654,1634821693
21516,149818232507,1634821784
8796,149985996384,1634821952
2226,150031365656,1634821997
3348,150231802201,1634822198
17568,150261283663,1634822227
20013,150268137000,1634822234
10806,150311797622,1634822278
16620,150393635402,1634822359
7080,150395778598,1634822362
3746,150537362503,1634822503
5502,150716505862,1634822682
14409,150729310180,1634822695
9843,150908739566,1634822875
15735,150987174157,1634822953
1722,151042286713,1634823008
13629,151059670214,1634823025
1761,151301908233,1634823268
18072,151304056943,1634823270
18078,151334531200,1634823300
16167,151406020948,1634823372
22710,151646875850,1634823613
13674,151647820101,1634823614
22535,151666209820,1634823632
6950,151703272778,1634823669
19602,151819633229,1634823785
20229,151830208858,1634823796
5756,151865852762,1634823832
5757,151875642468,1634823841
5637,151895104861,1634823861
1344,152037604833,1634824003
22431,152073560729,1634824039
1332,152124754340,1634824091
7422,152333284830,1634824299
8070,152822898798,1634824789
10530,152883001464,1634824849
16005,153183761368,1634825150
3540,153253332433,1634825219
7977,153375814352,1634825342
17883,153480714854,1634825447
15096,153530576427,1634825496
15246,153531785691,1634825498
19920,153577472684,1634825543
19842,153638099554,1634825604
8835,153642369797,1634825608
24504,153697152594,1634825663
16219,153957876539,1634825924
8220,153962780938,1634825929
1509,153983537737,1634825949
19938,154105403213,1634826071
4722,154109357052,1634826075
21852,154312227468,1634826278
1278,155012254164,1634826978
12732,155095624236,1634827061
4845,155326441399,1634827292
20340,155416656154,1634827382
2865,155692275227,1634827658
22083,155742858038,1634827709
16647,155821123970,1634827787
17865,155920095644,1634827886
20765,156055316403,1634828021
9942,156161671271,1634828127
8727,156234580674,1634828200
15210,156370202233,1634828336
11064,156381321603,1634828347
13293,156400598159,1634828366
5307,156431204687,1634828397
13005,156486843536,1634828453
2979,156554096496,1634828520
2124,156612659220,1634828578
6666,156851703550,1634828818
18984,156874006664,1634828840
12543,156967525481,1634828933
20088,156968935389,1634828935
8928,157054127615,1634829020
15966,157124354178,1634829090
21708,157166310150,1634829132
11817,157346335641,1634829312
20295,157370004326,1634829336
18180,157490453953,1634829456
1116,157496108997,1634829462
2559,157558507335,1634829524
1657,157643102542,1634829609
23889,157653430262,1634829619
16695,157729573701,1634829695
17427,157809566053,1634829775
19182,157898363199,1634829864
8412,157952839627,1634829919
22425,157955000673,1634829921
2136,158040818861,1634830007
1062,158076036049,1634830042
22329,158115241291,1634830081
1434,158166501057,1634830132
11217,158228046919,1634830194
8958,158440555781,1634830406
12996,158442138376,1634830408
7986,158514803558,1634830481
1401,158531852778,1634830498
19869,158549428423,1634830515
2004,159058074230,1634831024
12597,159092416762,1634831058
18699,159122178279,1634831088
10782,159143822922,1634831110
1476,159208734645,1634831175
6642,159254422079,1634831220
12813,159291595603,1634831257
17856,159342716716,1634831309
1413,159382545069,1634831348
16179,159480985355,1634831447
20235,159566014886,1634831532
1243,159656773570,1634831623
13671,159657811061,1634831624
1743,159676909923,1634831643
3435,159681373487,1634831647
21618,159724503316,1634831690
14157,159730265163,1634831696
13983,159767972348,1634831734
2080,159856944601,1634831823
13701,160115352192,1634832081
24279,160177864884,1634832144
21492,160235406426,1634832201
17754,160240729875,1634832207
1515,160252110736,1634832218
17011,160450305599,1634832416
16680,160496847504,1634832463
15120,160525317368,1634832491
19005,160611682954,1634832577
11787,160620565007,1634832586
3030,160647739562,1634832614
14481,160700564704,1634832666
13326,160730062175,1634832696
1404,160767909172,1634832734
8151,160873490334,1634832839
24165,161215743656,1634833182
20967,161234430233,1634833200
6057,161432708075,1634833399
19236,161562399927,1634833528
18441,161707762767,1634833674
17367,161730117499,1634833696
10068,161736209331,1634833702
22242,161830554111,1634833796
6084,161845065772,1634833811
16050,161972569959,1634833938
2643,162021443671,1634833987
10737,162147858659,1634834114
22011,162187986255,1634834154
6252,162219350078,1634834185
15567,162420425050,1634834386
14958,162464961957,1634834431
1173,162469143570,1634834435
14034,162499394128,1634834465
4071,162598548755,1634834564
4956,162634968167,1634834601
22017,162713529119,1634834679
1422,162714005527,1634834680
5547,162727877996,1634834694
8781,162748157425,1634834714
1236,162771684176,1634834737
17613,162909818508,1634834876
5757,163170330293,1634835136
18867,163235860197,1634835202
1065,163269459568,1634835235
18066,163395489347,1634835361
8415,163479575203,1634835445
2415,163511382096,1634835477
22692,163561153647,1634835527
18069,163638532391,1634835604
1155,163667277055,1634835633
18795,163675318416,1634835641
8466,163890586634,1634835856
2934,163988837779,1634835955
1875,164020120567,1634835986
9681,164039844204,1634836006
4608,164199708043,1634836166
23373,164300180979,1634836266
6618,164305320778,1634836271
10752,164387610153,1634836353
11634,164466293939,1634836432
2460,164481730288,1634836448
19824,164629694072,1634836595
7152,164659410103,1634836625
9267,164677784685,1634836644
21063,164780246103,1634836746
19233,164836992655,1634836803
14934,165013162294,1634836979
19881,165018298533,1634836984
9510,165020807109,1634836987
12762,165065179681,1634837031
2559,165225350887,1634837191
8799,165232474055,1634837198
8001,165314907935,1634837281
1875,165318334308,1634837284
23970,165674075967,1634837640
1266,165707188004,1634837673
2829,165741987415,1634837708
2622,165824824774,1634837791
1488,165832742939,1634837799
8580,165875595783,1634837841
1377,165877669526,1634837843
20463,166206573398,1634838172
18103,166212170470,1634838178
17886,166717643247,1634838683
21579,166781503734,1634838747
1341,166864088244,1634838830
22020,166938873515,1634838905
16308,167044132980,1634839010
15618,167082976954,1634839049
1611,167149412859,1634839115
15168,167211474857,1634839177
19590,167230261188,1634839196
2461,167358099376,1634839324
5916,167523074673,1634839489
4212,167590417964,1634839556
15555,167611789961,1634839578
1080,167659311799,1634839625
5937,167699742316,1634839666
10038,167774250294,1634839740
20679,167842114351,1634839808
6927,167894610699,1634839860
12630,167945099804,1634839911
19485,168090699263,1634840057
20517,168108663985,1634840074
6174,168245063906,1634840211
22728,168251555631,1634840217
12893,168325680037,1634840291
19532,168535187496,1634840501
13389,168576847163,1634840543
14784,168596149132,1634840562
15636,168644884635,1634840611
6957,168968885936,1634840935
21012,169025729436,1634840992
19860,169047925487,1634841014
22143,169154171082,1634841120
22110,169236959885,1634841203
15633,169242024016,1634841208
12111,169339971972,1634841306
6387,169377134180,1634841343
7835,169391356360,1634841357
21414,169488446684,1634841454
16965,169489102859,1634841455
1854,169506549573,1634841472
23478,170022063472,1634841988
9612,170036784870,1634842003
9036,170044285267,1634842010
3405,170129562022,1634842095
12372,170135214575,1634842101
2403,170166674022,1634842132
23916,170238405080,1634842204
1347,170297163288,1634842263
5115,170331551828,1634842297
1221,170374658672,1634842340
15330,170559676148,1634842525
23772,170749213410,1634842715
3675,170799619702,1634842765
10236,170808986612,1634842775
13128,170838710163,1634842805
3546,170894254644,1634842860
22729,171070478226,1634843036
978,171083527504,1634843049
5517,171222609368,1634843188
16056,171303496724,1634843269
11364,171335412574,1634843301
16470,171515525747,1634843481
20619,171682136682,1634843648
8604,171715830465,1634843682
1824,171794015837,1634843760
6561,171837080381,1634843803
23751,171960442530,1634843926
1416,172083263393,1634844049
1431,172388662745,1634844354
16761,172399377602,1634844365
3354,172527774464,1634844494
8928,172835956873,1634844802
14469,172879363116,1634844845
5931,172925508221,1634844891
1047,173019228899,1634844985
22503,173024950275,1634844991
14766,173065569432,1634845031
17175,173069761369,1634845036